<?xml version="1.0" encoding="UTF-8" standalone="yes"?>
<most-wanted>
    <racer name="Clarence Callahan">
        <entry>
            <finish-time>126.97</finish-time>
            <car>Chevrolet Tahoe @ 2001</car>
        </entry>
        <entry>
            <finish-time>133.1</finish-time>
            <car>Chevrolet Silverado @ 2003</car>
        </entry>
        <entry>
            <finish-time>242.53</finish-time>
            <car>Volvo S70 @ 2000</car>
        </entry>
    </racer>
</most-wanted>
