[
  {
    "number": "1wBUO-DZHZH-gjg9J-4VXr4-rLgtp"
  },
  {
    "number": "79emc-SAIDI-5GZsF-n3Sqz-7sLJb"
  },
  {
    "number": "8PLMI-qZWQu-LuXfz-khxc7-Y8Q9j"
  },
  {
    "number": "99rXG-1Ynwp-ahF4J-btmQ6-wg6d3"
  },
  {
    "number": "IsOne-INVQ5-53Hgx-idDeq-ETAbW"
  },
  {
    "number": "j3hwx-Z4TH0-V5oXu-XGczx-P7h0T"
  },
  {
    "number": "oMmcJ-pd1N8-qp2Of-dLsow-PDCkW"
  },
  {
    "number": "rnarn-v81q4-ItpUT-ewYUu-6PGwc"
  },
  {
    "number": "s3RVh-OMpAw-zND7l-kUyi0-gAGCu"
  },
  {
    "number": "ukBy1-rliJm-tMvvk-jRLtI-Z4byL"
  },
  {
    "number": "YZkdP-LuRyn-pM6S2-gZwKP-0OK3o"
  }
]