[
  {
    "full_name": "Alex Mercer",
    "position": "Head Security",
    "number": "Vy2un-LBvJU-31FsV-GbD6B-WUkBT"
  },
  {
    "full_name": "Jake Drinkwater",
    "position": "Head Biologist",
    "number": "M3Y0n-A10Ev-lCk8M-8BtnZ-25Rxv"
  },
  {
    "full_name": "Jefrey Hunnington",
    "position": "Office Manager",
    "number": "DXKwE-pprkA-dLT9g-bGnbp-1304U"
  },
  {
    "full_name": "Leeroy Gips",
    "position": "Security Manager",
    "number": "3mQuf-dGsVC-v5RhD-esuzu-0XcXp"
  },
  {
    "full_name": "Rick Sanchez",
    "position": "Head Scientist",
    "number": "65RrK-NRzLZ-pJLZN-Chp3q-tovmA"
  },
  {
    "full_name": "Rubert Down",
    "position": "Cleaner",
    "number": "fh53H-vA5Re-S7LL4-HAOwm-pkuWX"
  },
  {
    "full_name": "Sandy Bloodred",
    "position": "Security Manager",
    "number": "UAIP0-0UVao-3axBt-vWF8c-45paZ"
  },
  {
    "full_name": "Summer Greav",
    "position": "Secretary",
    "number": "Onm25-YwwpH-RPFg4-ik3lu-ZeNy8"
  },
  {
    "full_name": "Yakushiba Nakushetka",
    "position": "Chief Executive Officer",
    "number": "tswrI-tDtGI-mlWBr-oKYHn-coIIF"
  }
]