[
  {
    "name": "Batsheva Warry",
    "cars": [
      "Mercury Grand Marquis 2011",
      "Jeep Cherokee 1996",
      "Mazda MX-5 1991",
      "Suzuki Grand Vitara 2012",
      "Suzuki SJ 1993",
      "Aston Martin DBS 2012",
      "BMW X5 2001"
    ]
  },
  {
    "name": "Gard Wolseley",
    "age": 43,
    "cars": [
      "Saturn S-Series 1998",
      "Volvo S60 2005",
      "Chevrolet Tracker 1998",
      "GMC 2500 Club Coupe 1993",
      "Chevrolet Silverado 2500 2007",
      "Dodge Caravan 2007",
      "Chevrolet Cruze 2013"
    ]
  },
  {
    "name": "Pearle Skuse",
    "age": 23,
    "cars": [
      "Cadillac Seville 2004",
      "BMW X5 2007",
      "Mitsubishi Endeavor 2007",
      "Land Rover LR4 2012",
      "Hyundai Sonata 1995",
      "Dodge Challenger 2008",
      "GMC Envoy 2008"
    ]
  },
  {
    "name": "Reuven Baylis",
    "age": 36,
    "cars": [
      "Pontiac GTO 1974",
      "Ford Explorer 1994",
      "Lexus ES 2000",
      "Chevrolet Blazer 2000",
      "Audi A6 1997",
      "Lamborghini Murciélago LP640 2008",
      "Hummer H3T 2009"
    ]
  },
  {
    "name": "Adolphe Galletly",
    "age": 39,
    "cars": [
      "Kia Sportage 2008",
      "Ford E-Series 2011",
      "Porsche 911 1997",
      "Volkswagen GLI 2008",
      "Dodge Ram 2500 2004",
      "Mercury Marauder 2004"
    ]
  },
  {
    "name": "Stephan Freak",
    "age": 29,
    "cars": [
      "Nissan Altima 2012",
      "Chevrolet Suburban 2007",
      "Saturn L-Series 2000",
      "Mercury Montego 2007",
      "Hyundai Accent 1995",
      "Acura Integra 1994"
    ]
  },
  {
    "name": "Ainsley MacKeig",
    "cars": [
      "Audi V8 1992",
      "Chevrolet Suburban 2500 2010",
      "Ford LTD 1986",
      "Chevrolet Venture 2001",
      "Pontiac Firebird 1985"
    ]
  },
  {
    "name": "Arturo Gatley",
    "age": 18,
    "cars": [
      "Buick Park Avenue 1997",
      "Ford Taurus 1991",
      "Audi 5000CS 1987",
      "Ford E250 2012",
      "Chevrolet S10 2003"
    ]
  },
  {
    "name": "Dani Stoneley",
    "age": 40,
    "cars": [
      "Mitsubishi Eclipse 2012",
      "Jaguar S-Type 2007",
      "GMC Acadia 2012",
      "Pontiac GTO 1964",
      "Chevrolet S10 Blazer 1994"
    ]
  },
  {
    "name": "Domini Mantle",
    "cars": [
      "Infiniti Q 1995",
      "Chevrolet 3500 1993",
      "Lexus ES 2009",
      "Plymouth Voyager 1993",
      "Mercury Sable 1989"
    ]
  },
  {
    "name": "Elvyn Martins",
    "age": 32,
    "cars": [
      "Buick Regal 1996",
      "Chevrolet Sportvan G30 1994",
      "Mercedes-Benz CLK-Class 2002",
      "Dodge Durango 2002",
      "Ford F-Series 2008"
    ]
  },
  {
    "name": "Haskel Halford",
    "age": 26,
    "cars": [
      "Acura RDX 2008",
      "Mitsubishi Galant 1986",
      "Nissan GT-R 2010",
      "Mercury Grand Marquis 2000",
      "Cadillac Escalade 2008"
    ]
  },
  {
    "name": "Lissy Kohrt",
    "age": 22,
    "cars": [
      "GMC Sierra 3500HD 2006",
      "Mitsubishi Eclipse 1996",
      "Chevrolet 1500 1997",
      "Eagle Talon 1992",
      "Daewoo Nubira 2000"
    ]
  },
  {
    "name": "Murial Jedrzejewicz",
    "age": 37,
    "cars": [
      "Mazda MX-5 2001",
      "Mercedes-Benz C-Class 2001",
      "Cadillac Eldorado 2000",
      "Ford Bronco 1996",
      "Dodge Ram Van 2500 1996"
    ]
  },
  {
    "name": "Noah Soldner",
    "cars": [
      "Dodge Ram 3500 Club 1997",
      "Cadillac Escalade EXT 2010",
      "Mitsubishi Montero 2005",
      "Honda Fit 2012",
      "Cadillac Escalade 2011"
    ]
  },
  {
    "name": "Temp Gergolet",
    "cars": [
      "Nissan Frontier 2011",
      "Lincoln Continental 1987",
      "Chevrolet Express 1500 2006",
      "Honda Odyssey 1998",
      "Jaguar XK 2007"
    ]
  },
  {
    "name": "Annabela Joblin",
    "age": 24,
    "cars": [
      "Toyota TundraMax 2008",
      "Dodge Stratus 1999",
      "Pontiac Grand Am 1997",
      "Mitsubishi Pajero 2001"
    ]
  },
  {
    "name": "Carce Sharpling",
    "cars": [
      "Ford Taurus 2012",
      "Ford Falcon 1967",
      "Dodge Ram 2500 2001",
      "Chevrolet Express 1500 2008"
    ]
  },
  {
    "name": "Catharine Kinavan",
    "age": 17,
    "cars": [
      "Mitsubishi Precis 1986",
      "Volkswagen rio 2002",
      "Ford Mustang 2003",
      "BMW 7 Series 2006"
    ]
  },
  {
    "name": "Fae Cox",
    "age": 28,
    "cars": [
      "Subaru Legacy 2002",
      "Audi A4 1996",
      "Mitsubishi Endeavor 2004",
      "Ford Ranger 2004"
    ]
  },
  {
    "name": "Fanny Peltz",
    "cars": [
      "Lotus Esprit 1985",
      "Dodge Ram Van 3500 1999",
      "Lincoln MKZ 2011",
      "Mercedes-Benz W201 1991"
    ]
  },
  {
    "name": "Friedrick Forrester",
    "cars": [
      "Lexus RX 2001",
      "Chrysler Aspen 2009",
      "GMC Jimmy 2001",
      "Ford Tempo 1984"
    ]
  },
  {
    "name": "Garv Campagne",
    "age": 20,
    "cars": [
      "Chevrolet Corvette 2000",
      "Scion xB 2006",
      "Ford Bronco 1989",
      "Jaguar XK Series 2004"
    ]
  },
  {
    "name": "Hedwig Gare",
    "cars": [
      "Dodge Ram 2500 2007",
      "Buick Skyhawk 1985",
      "Mercedes-Benz CLK-Class 2001",
      "Suzuki XL-7 2007"
    ]
  },
  {
    "name": "Irvin Solano",
    "age": 23,
    "cars": [
      "Mercury Villager 1995",
      "Maserati Quattroporte 2012",
      "BMW 550 2006",
      "Bentley Mulsanne 2011"
    ]
  },
  {
    "name": "Leonore Frigot",
    "age": 18,
    "cars": [
      "Kia Sedona 2007",
      "Holden VS Commodore 1997",
      "Hyundai Elantra 2003",
      "Volvo S60 2001"
    ]
  },
  {
    "name": "Lucius Scholes",
    "age": 45,
    "cars": [
      "Oldsmobile Intrigue 2002",
      "Jeep Grand Cherokee 1997",
      "Saab 9-7X 2005",
      "Cadillac DeVille 2005"
    ]
  },
  {
    "name": "Maia Jope",
    "age": 43,
    "cars": [
      "Chevrolet Equinox 2006",
      "Volkswagen Passat 1997",
      "Porsche Panamera 2011",
      "Honda del Sol 1996"
    ]
  },
  {
    "name": "Nadine Grabbam",
    "age": 43,
    "cars": [
      "Mazda CX-5 2013",
      "Ford Probe 1993",
      "Pontiac Firefly 1985",
      "Subaru Loyale 1994"
    ]
  },
  {
    "name": "Noak Clara",
    "age": 38,
    "cars": [
      "Eagle Vision 1993",
      "Mitsubishi L300 1990",
      "Pontiac Grand Prix 2004",
      "Volkswagen Corrado 1991"
    ]
  },
  {
    "name": "Otha Rozenbaum",
    "cars": [
      "Mercury Tracer 1997",
      "Buick Somerset 1985",
      "Ford F350 2011",
      "Lexus LS 1995"
    ]
  },
  {
    "name": "Reiko Spinnace",
    "age": 40,
    "cars": [
      "Ford Explorer Sport Trac 2003",
      "Toyota Sequoia 2006",
      "Chevrolet Camaro 1998",
      "Pontiac GTO 1971"
    ]
  },
  {
    "name": "Sawyere Surfleet",
    "cars": [
      "Toyota Solara 2008",
      "Isuzu Hombre Space 1998",
      "GMC Canyon 2004",
      "Chrysler Sebring 2009"
    ]
  },
  {
    "name": "Alexis Paylor",
    "cars": [
      "Scion FR-S 2013",
      "Mercedes-Benz C-Class 2012",
      "Infiniti QX 2003"
    ]
  },
  {
    "name": "Angeli Sketch",
    "cars": [
      "Mitsubishi Diamante 2003",
      "Chevrolet Tahoe 1996",
      "Chevrolet Express 2500 2007"
    ]
  },
  {
    "name": "Candice Bigmore",
    "cars": [
      "Lexus GX 2005",
      "Acura TSX 2007",
      "Nissan Pathfinder 2003"
    ]
  },
  {
    "name": "Conny Petkov",
    "cars": [
      "GMC Yukon XL 1500 2003",
      "Mazda B2500 2001",
      "Ford Bronco 1984"
    ]
  },
  {
    "name": "Damien Wevell",
    "age": 34,
    "cars": [
      "BMW 3 Series 2001",
      "Mazda B-Series Plus 2001",
      "MINI Cooper Clubman 2009"
    ]
  },
  {
    "name": "Glendon Kaesmans",
    "age": 25,
    "cars": [
      "Toyota Sienna 2006",
      "Dodge Viper RT/10 1994",
      "Volvo XC70 2006"
    ]
  },
  {
    "name": "Kally Ayre",
    "age": 36,
    "cars": [
      "Toyota RAV4 2005",
      "Hyundai Accent 2004",
      "Infiniti FX 2012"
    ]
  },
  {
    "name": "Katharine McKain",
    "cars": [
      "BMW 3 Series 2007",
      "Mazda Mazda5 2012",
      "Chevrolet Astro 1993"
    ]
  },
  {
    "name": "Kelli Dickon",
    "age": 22,
    "cars": [
      "Chevrolet Corsica 1993",
      "Honda Accord 1989",
      "Mercury Cougar 2000"
    ]
  },
  {
    "name": "Kettie Starkings",
    "age": 21,
    "cars": [
      "Jeep Liberty 2010",
      "Mazda Miata MX-5 2011",
      "Buick Riviera 1998"
    ]
  },
  {
    "name": "Lyndsay Radin",
    "age": 30,
    "cars": [
      "Pontiac Firebird 1993",
      "Mercury Topaz 1993",
      "Mazda MX-5 1995"
    ]
  },
  {
    "name": "Marco Misson",
    "age": 30,
    "cars": [
      "Mazda RX-8 2008",
      "GMC Savana 2500 2004",
      "Mitsubishi Pajero 1991"
    ]
  },
  {
    "name": "Margaretha Tustin",
    "cars": [
      "Mitsubishi Excel 1988",
      "Mazda Miata MX-5 2001",
      "Chevrolet Metro 1999"
    ]
  },
  {
    "name": "Meade Pottiphar",
    "cars": [
      "Dodge Nitro 2007",
      "Land Rover Discovery 2005",
      "Honda Civic 2004"
    ]
  },
  {
    "name": "Mella Stripling",
    "age": 21,
    "cars": [
      "Chevrolet Silverado 3500 2008",
      "Lamborghini Countach 1986",
      "Buick Rendezvous 2006"
    ]
  },
  {
    "name": "Noellyn Dible",
    "cars": [
      "Chevrolet Uplander 2007",
      "Audi S8 2003",
      "Chevrolet Tahoe 2001"
    ]
  },
  {
    "name": "Patsy Tissington",
    "cars": [
      "Ford Mustang 2013",
      "Toyota Matrix 2011",
      "Mercedes-Benz C-Class 2011"
    ]
  },
  {
    "name": "Rabi MacCauley",
    "cars": [
      "Chevrolet Express 2010",
      "Audi A4 2009",
      "Chevrolet Silverado 2003"
    ]
  },
  {
    "name": "Redford M\u0027Chirrie",
    "age": 36,
    "cars": [
      "Chevrolet 2500 1994",
      "Toyota Solara 2000",
      "Dodge Ram 1500 2005"
    ]
  },
  {
    "name": "Sonya Claffey",
    "cars": [
      "Honda Pilot 2004",
      "Mercury Sable 1997",
      "BMW X3 2005"
    ]
  },
  {
    "name": "Teddi Edney",
    "cars": [
      "Hyundai Tiburon 1997",
      "Dodge Dakota 1996",
      "Toyota 4Runner 2001"
    ]
  },
  {
    "name": "Willyt Sills",
    "cars": [
      "Nissan 350Z 2004",
      "Daewoo Nubira 2001",
      "Dodge Caravan 1998"
    ]
  },
  {
    "name": "Alasteir Dengel",
    "age": 37,
    "cars": [
      "Nissan NV3500 2012",
      "Mitsubishi Pajero 1993"
    ]
  },
  {
    "name": "Ange Varren",
    "age": 35,
    "cars": [
      "Cadillac Escalade EXT 2009",
      "Subaru SVX 1996"
    ]
  },
  {
    "name": "Bree Ilott",
    "age": 30,
    "cars": [
      "Dodge Ram Van 1500 1996",
      "Infiniti Q 2003"
    ]
  },
  {
    "name": "Dalt McKmurrie",
    "cars": [
      "Toyota Tercel 1997",
      "Buick Park Avenue 2001"
    ]
  },
  {
    "name": "Dominic Lawland",
    "cars": [
      "BMW 3 Series 2010",
      "Maserati Gran Sport 2006"
    ]
  },
  {
    "name": "Dyanne Pray",
    "age": 16,
    "cars": [
      "Lexus GS 2005",
      "Volkswagen Eurovan 1994"
    ]
  },
  {
    "name": "Felipe McMoyer",
    "age": 29,
    "cars": [
      "Plymouth Grand Voyager 2000",
      "GMC Savana 1500 2011"
    ]
  },
  {
    "name": "Hirsch Kimble",
    "cars": [
      "Toyota RAV4 2000",
      "Ford Mustang 2011"
    ]
  },
  {
    "name": "Jeanie Phelip",
    "cars": [
      "Lotus Exige 2012",
      "Chevrolet Corvette 1975"
    ]
  },
  {
    "name": "Joelie Collomosse",
    "age": 26,
    "cars": [
      "Ford Mustang 1980",
      "Lexus GS 2002"
    ]
  },
  {
    "name": "Juan Andreu",
    "age": 23,
    "cars": [
      "Pontiac G5 2007",
      "Mitsubishi Galant 2004"
    ]
  },
  {
    "name": "Kippy Sayburn",
    "cars": [
      "Mercedes-Benz CLK-Class 2006",
      "Audi 80 1990"
    ]
  },
  {
    "name": "Kiri Digle",
    "age": 34,
    "cars": [
      "Pontiac Bonneville 1995",
      "Volkswagen Golf 2010"
    ]
  },
  {
    "name": "Lorry Caron",
    "age": 45,
    "cars": [
      "Dodge Grand Caravan 2002",
      "Volkswagen New Beetle 2003"
    ]
  },
  {
    "name": "Lucy Lowndes",
    "age": 45,
    "cars": [
      "GMC Sierra 3500 2012",
      "Ford Festiva 1990"
    ]
  },
  {
    "name": "Max Philpott",
    "age": 27,
    "cars": [
      "Cadillac DeVille 2000",
      "Nissan Altima 1996"
    ]
  },
  {
    "name": "Merrily Duncanson",
    "age": 35,
    "cars": [
      "Jaguar XK Series 1997",
      "Volvo V40 2003"
    ]
  },
  {
    "name": "Nathaniel Seydlitz",
    "age": 35,
    "cars": [
      "Volvo S70 2000",
      "Chevrolet Camaro 2000"
    ]
  },
  {
    "name": "Seamus Longega",
    "age": 26,
    "cars": [
      "Buick Regal 1986",
      "Ford Expedition 2006"
    ]
  },
  {
    "name": "Sibley Musker",
    "age": 43,
    "cars": [
      "Chrysler Pacifica 2006",
      "Mercedes-Benz GL-Class 2010"
    ]
  },
  {
    "name": "Syman Pridden",
    "age": 38,
    "cars": [
      "Daewoo Lanos 2002",
      "Toyota Sequoia 2008"
    ]
  },
  {
    "name": "Vivi Buckeridge",
    "age": 29,
    "cars": [
      "Chevrolet Malibu 2000",
      "Tesla Roadster 2010"
    ]
  },
  {
    "name": "Wylie Gareisr",
    "age": 35,
    "cars": [
      "GMC Sierra 1500 2012",
      "Chevrolet Silverado 2008"
    ]
  },
  {
    "name": "Xena Lanfear",
    "age": 30,
    "cars": [
      "Audi 100 1990",
      "Chevrolet 3500 2000"
    ]
  },
  {
    "name": "Zulema Geerling",
    "age": 44,
    "cars": [
      "Mercury Cougar 1999",
      "Suzuki Grand Vitara 2005"
    ]
  },
  {
    "name": "Agna Makeswell",
    "age": 34,
    "cars": [
      "Chevrolet Silverado 2002"
    ]
  },
  {
    "name": "Aridatha Gronav",
    "age": 33,
    "cars": [
      "Mitsubishi Starion 1984"
    ]
  },
  {
    "name": "Basia Dixson",
    "age": 27,
    "cars": [
      "Lincoln Continental Mark VII 1989"
    ]
  },
  {
    "name": "Benjy Elce",
    "age": 20,
    "cars": [
      "BMW 3 Series 1998"
    ]
  },
  {
    "name": "Bobby Vanini",
    "age": 33,
    "cars": [
      "Dodge Caliber 2010"
    ]
  },
  {
    "name": "Brigit Speller",
    "age": 44,
    "cars": [
      "Volvo C70 2010"
    ]
  },
  {
    "name": "Chrissie Guidera",
    "age": 39,
    "cars": [
      "Isuzu Rodeo 2000"
    ]
  },
  {
    "name": "Conny Shutte",
    "cars": [
      "GMC Suburban 1500 1996"
    ]
  },
  {
    "name": "Damara Kenway",
    "cars": [
      "Volvo 240 1993"
    ]
  },
  {
    "name": "Elfrieda Gebhard",
    "age": 40,
    "cars": [
      "Ford Mustang 2000"
    ]
  },
  {
    "name": "Elisa Gurwood",
    "age": 17,
    "cars": [
      "Honda Odyssey 2002"
    ]
  },
  {
    "name": "Gates Gunthorpe",
    "cars": [
      "Hyundai Sonata 1998"
    ]
  },
  {
    "name": "Hermia Cours",
    "age": 39,
    "cars": [
      "Mazda Miata MX-5 2003"
    ]
  },
  {
    "name": "Janeczka Bauser",
    "cars": [
      "Chevrolet Cobalt 2009"
    ]
  },
  {
    "name": "Marni Deal",
    "age": 34,
    "cars": [
      "Audi S5 2009"
    ]
  },
  {
    "name": "Mortimer Habershaw",
    "age": 23,
    "cars": [
      "Volkswagen Jetta 2009"
    ]
  },
  {
    "name": "Philippe Fellos",
    "age": 39,
    "cars": [
      "Bentley Continental GT 2006"
    ]
  },
  {
    "name": "Blanch Alday",
    "cars": []
  },
  {
    "name": "Clarence Callahan",
    "age": 34,
    "cars": []
  },
  {
    "name": "Isabel Twells",
    "age": 26,
    "cars": []
  }
]