[
  {
    "name": "Maochen",
    "racers": 6
  },
  {
    "name": "Phan Thong",
    "racers": 6
  },
  {
    "name": "Jiangxi",
    "racers": 4
  },
  {
    "name": "Sam Ngam",
    "racers": 4
  },
  {
    "name": "Al Qanāţir al Khayrīyah",
    "racers": 3
  },
  {
    "name": "Al Qardāḩah",
    "racers": 3
  },
  {
    "name": "Byuravan",
    "racers": 3
  },
  {
    "name": "Chon Daen",
    "racers": 3
  },
  {
    "name": "Laiponda",
    "racers": 3
  },
  {
    "name": "Lutomiersk",
    "racers": 3
  },
  {
    "name": "Maastricht",
    "racers": 3
  },
  {
    "name": "Nytva",
    "racers": 3
  },
  {
    "name": "Quanjiang",
    "racers": 3
  },
  {
    "name": "Santa Eulália",
    "racers": 3
  },
  {
    "name": "Torre do Pinhão",
    "racers": 3
  },
  {
    "name": "Tujing",
    "racers": 3
  },
  {
    "name": "Xiongbei",
    "racers": 3
  },
  {
    "name": "Banyulegi",
    "racers": 2
  },
  {
    "name": "Eastern Suburbs Mc",
    "racers": 2
  },
  {
    "name": "Ebebiyin",
    "racers": 2
  },
  {
    "name": "Grande Cache",
    "racers": 2
  },
  {
    "name": "Kamenka",
    "racers": 2
  },
  {
    "name": "Lundo",
    "racers": 2
  },
  {
    "name": "Maiac",
    "racers": 2
  },
  {
    "name": "München",
    "racers": 2
  },
  {
    "name": "Ordynskoye",
    "racers": 2
  },
  {
    "name": "Padova",
    "racers": 2
  },
  {
    "name": "San Antonio",
    "racers": 2
  },
  {
    "name": "Sbo’o",
    "racers": 2
  },
  {
    "name": "Troyes",
    "racers": 2
  },
  {
    "name": "Töreboda",
    "racers": 2
  },
  {
    "name": "Zubrzyca Dolna",
    "racers": 2
  },
  {
    "name": "Bradashesh",
    "racers": 1
  },
  {
    "name": "Fengshan",
    "racers": 1
  },
  {
    "name": "Horta",
    "racers": 1
  },
  {
    "name": "La Paz Centro",
    "racers": 1
  },
  {
    "name": "Malpique",
    "racers": 1
  },
  {
    "name": "Manassas",
    "racers": 1
  },
  {
    "name": "Mantar",
    "racers": 1
  },
  {
    "name": "Mt Peto",
    "racers": 1
  },
  {
    "name": "Ponyri Vtoryye",
    "racers": 1
  },
  {
    "name": "Raşad",
    "racers": 1
  },
  {
    "name": "Valuyki",
    "racers": 1
  },
  {
    "name": "Avlónas",
    "racers": 0
  },
  {
    "name": "Banjar Batuaji Kaja",
    "racers": 0
  },
  {
    "name": "Hachinohe",
    "racers": 0
  },
  {
    "name": "Jieshi",
    "racers": 0
  },
  {
    "name": "Krasnystaw",
    "racers": 0
  },
  {
    "name": "Longmen",
    "racers": 0
  },
  {
    "name": "Selasari",
    "racers": 0
  }
]